{"count":1,"self":35.983187199999996,"total":36.102056499999996,"children":{"InitializeActuators":{"count":1,"self":0.00099969999999999985,"total":0.00099969999999999985,"children":null},"InitializeSensors":{"count":1,"self":0.0009998,"total":0.0009998,"children":null},"AgentSendState":{"count":298,"self":0.0029971999999999998,"total":0.019996299999999998,"children":{"CollectObservations":{"count":60,"self":0.0010000999999999999,"total":0.0010000999999999999,"children":null},"WriteActionMask":{"count":60,"self":0.0020009,"total":0.0020009,"children":null},"RequestDecision":{"count":60,"self":0.0139981,"total":0.0139981,"children":null}}},"DecideAction":{"count":298,"self":0.091140199999999991,"total":0.091140199999999991,"children":null},"AgentAct":{"count":298,"self":0.0057344,"total":0.0057344,"children":null}},"gauges":{},"metadata":{"timer_format_version":"0.1.0","start_time_seconds":"1689425718","unity_version":"2022.3.1f1","command_line_arguments":"E:\\Unity\\2022.3.1f1\\Editor\\Unity.exe -projectpath E:\\Miki\\SantasWorkshop -useHub -hubIPC -cloudEnvironment production -licensingIpc LicenseClient-Dor -hubSessionId 7b099c81-f97e-400d-a94d-4df82b48a137 -accessToken Ed5_44n0u7Uw4MJOruEkKUNwVDc-3obNayVeKXkY_Lw011f","communication_protocol_version":"1.5.0","com.unity.ml-agents_version":"2.0.1","scene_name":"SantaWorkshop","end_time_seconds":"1689425754"}}