{
    "name": "root",
    "gauges": {
        "MoveToGoal.Policy.Entropy.mean": {
            "value": 1.4166960716247559,
            "min": 1.4166960716247559,
            "max": 1.4194332361221313,
            "count": 5
        },
        "MoveToGoal.Policy.Entropy.sum": {
            "value": 70721.46875,
            "min": 70721.46875,
            "max": 71758.453125,
            "count": 5
        },
        "MoveToGoal.Step.mean": {
            "value": 249948.0,
            "min": 49942.0,
            "max": 249948.0,
            "count": 5
        },
        "MoveToGoal.Step.sum": {
            "value": 249948.0,
            "min": 49942.0,
            "max": 249948.0,
            "count": 5
        },
        "MoveToGoal.Policy.ExtrinsicValueEstimate.mean": {
            "value": 0.3132600486278534,
            "min": 0.3132600486278534,
            "max": 2.849937677383423,
            "count": 5
        },
        "MoveToGoal.Policy.ExtrinsicValueEstimate.sum": {
            "value": 245.59588623046875,
            "min": 245.59588623046875,
            "max": 2271.400390625,
            "count": 5
        },
        "MoveToGoal.Environment.EpisodeLength.mean": {
            "value": 940.7142857142857,
            "min": 889.6875,
            "max": 1496.6842105263158,
            "count": 5
        },
        "MoveToGoal.Environment.EpisodeLength.sum": {
            "value": 6585.0,
            "min": 6585.0,
            "max": 52811.0,
            "count": 5
        },
        "MoveToGoal.Environment.CumulativeReward.mean": {
            "value": -1.0,
            "min": -1.0,
            "max": -0.8125,
            "count": 5
        },
        "MoveToGoal.Environment.CumulativeReward.sum": {
            "value": -7.0,
            "min": -39.0,
            "max": -7.0,
            "count": 5
        },
        "MoveToGoal.Policy.ExtrinsicReward.mean": {
            "value": -1.0,
            "min": -1.0,
            "max": -0.8125,
            "count": 5
        },
        "MoveToGoal.Policy.ExtrinsicReward.sum": {
            "value": -7.0,
            "min": -39.0,
            "max": -7.0,
            "count": 5
        },
        "MoveToGoal.Losses.PolicyLoss.mean": {
            "value": 0.02315036391140893,
            "min": 0.02229254264675546,
            "max": 0.02743264089260871,
            "count": 5
        },
        "MoveToGoal.Losses.PolicyLoss.sum": {
            "value": 0.11575181955704465,
            "min": 0.08917017058702184,
            "max": 0.13716320446304356,
            "count": 5
        },
        "MoveToGoal.Losses.ValueLoss.mean": {
            "value": 0.0014205695393805704,
            "min": 0.0014205695393805704,
            "max": 0.1862718204036355,
            "count": 5
        },
        "MoveToGoal.Losses.ValueLoss.sum": {
            "value": 0.007102847696902852,
            "min": 0.007102847696902852,
            "max": 0.745087281614542,
            "count": 5
        },
        "MoveToGoal.Policy.LearningRate.mean": {
            "value": 0.00016425772524744,
            "min": 0.00016425772524744,
            "max": 0.00028460325513225,
            "count": 5
        },
        "MoveToGoal.Policy.LearningRate.sum": {
            "value": 0.0008212886262372,
            "min": 0.0008212886262372,
            "max": 0.0012843702718766,
            "count": 5
        },
        "MoveToGoal.Policy.Epsilon.mean": {
            "value": 0.15475255999999998,
            "min": 0.15475255999999998,
            "max": 0.19486775,
            "count": 5
        },
        "MoveToGoal.Policy.Epsilon.sum": {
            "value": 0.7737628,
            "min": 0.7737628,
            "max": 0.9281234,
            "count": 5
        },
        "MoveToGoal.Policy.Beta.mean": {
            "value": 0.0027421527440000004,
            "min": 0.0027421527440000004,
            "max": 0.004743900725,
            "count": 5
        },
        "MoveToGoal.Policy.Beta.sum": {
            "value": 0.013710763720000001,
            "min": 0.013710763720000001,
            "max": 0.021413357660000007,
            "count": 5
        },
        "MoveToGoal.IsTraining.mean": {
            "value": 1.0,
            "min": 1.0,
            "max": 1.0,
            "count": 5
        },
        "MoveToGoal.IsTraining.sum": {
            "value": 1.0,
            "min": 1.0,
            "max": 1.0,
            "count": 5
        }
    },
    "metadata": {
        "timer_format_version": "0.1.0",
        "start_time_seconds": "1688828665",
        "python_version": "3.9.0 (tags/v3.9.0:9cf6752, Oct  5 2020, 15:34:40) [MSC v.1927 64 bit (AMD64)]",
        "command_line_arguments": "C:\\Users\\mikim\\OneDrive\\Desktop\\projects\\SantaWorkshop\\venv\\Scripts\\mlagents-learn --force",
        "mlagents_version": "0.30.0",
        "mlagents_envs_version": "0.30.0",
        "communication_protocol_version": "1.5.0",
        "pytorch_version": "2.0.1+cpu",
        "numpy_version": "1.21.2",
        "end_time_seconds": "1688829069"
    },
    "total": 403.9823151,
    "count": 1,
    "self": 0.02462439999999333,
    "children": {
        "run_training.setup": {
            "total": 0.06837349999999986,
            "count": 1,
            "self": 0.06837349999999986
        },
        "TrainerController.start_learning": {
            "total": 403.8893172,
            "count": 1,
            "self": 0.5815444999980173,
            "children": {
                "TrainerController._reset_env": {
                    "total": 28.660734500000004,
                    "count": 1,
                    "self": 28.660734500000004
                },
                "TrainerController.advance": {
                    "total": 374.318755700002,
                    "count": 13198,
                    "self": 0.5671732000029692,
                    "children": {
                        "env_step": {
                            "total": 283.7086220999971,
                            "count": 13198,
                            "self": 260.6675353999958,
                            "children": {
                                "SubprocessEnvManager._take_step": {
                                    "total": 22.702853000002648,
                                    "count": 13198,
                                    "self": 1.955681600000311,
                                    "children": {
                                        "TorchPolicy.evaluate": {
                                            "total": 20.747171400002337,
                                            "count": 13087,
                                            "self": 20.747171400002337
                                        }
                                    }
                                },
                                "workers": {
                                    "total": 0.3382336999986748,
                                    "count": 13197,
                                    "self": 0.0,
                                    "children": {
                                        "worker_root": {
                                            "total": 331.1828517999997,
                                            "count": 13197,
                                            "is_parallel": true,
                                            "self": 154.3904075000016,
                                            "children": {
                                                "steps_from_proto": {
                                                    "total": 0.01024929999999813,
                                                    "count": 1,
                                                    "is_parallel": true,
                                                    "self": 0.00030449999999859756,